dimatrix;nbytes;rtt;worker
300;720000;0.108198;1
300;720000;0.099133;1
300;720000;0.09871;1
300;720000;0.097898;1
300;720000;0.107506;1
300;720000;0.107197;1
300;720000;0.0966;1
300;720000;0.096431;1
300;720000;0.102151;1
300;720000;0.105269;1
300;720000;0.102993;1
300;720000;0.102429;1
300;720000;0.101485;1
300;720000;0.102486;1
300;720000;0.12362;1
300;720000;0.101045;1
300;720000;0.09909;1
300;720000;0.100289;1
300;720000;0.102697;1
300;720000;0.096732;1
300;720000;0.099867;1
300;720000;0.098442;1
300;720000;0.096764;1
300;720000;0.107017;1
300;720000;0.09552;1
300;720000;0.100242;1
300;720000;0.100662;1
300;720000;0.101886;1
300;720000;0.126363;1
300;720000;0.099431;1
300;720000;0.099728;1
300;720000;0.096301;1
300;720000;0.099164;1
300;720000;0.100728;1
300;720000;0.098843;1
300;720000;0.101986;1
300;720000;0.096248;1
300;720000;0.096215;1
300;720000;0.101611;1
300;720000;0.098547;1
300;720000;0.101991;1
300;720000;0.099753;1
300;720000;0.099195;1
300;720000;0.103643;1
300;720000;0.097602;1
300;720000;0.098536;1
300;720000;0.097991;1
300;720000;0.098542;1
300;720000;0.098747;1
300;720000;0.096297;1
300;720000;0.103664;1
300;720000;0.097681;1
300;720000;0.092346;1
300;720000;0.097481;1
300;720000;0.09624;1
300;720000;0.097932;1
300;720000;0.103186;1
300;720000;0.101165;1
300;720000;0.098743;1
300;720000;0.101642;1
300;720000;0.098942;1
300;720000;0.10427;1
300;720000;0.097984;1
300;720000;0.096823;1
300;720000;0.122899;1
300;720000;0.103341;1
300;720000;0.099842;1
300;720000;0.101103;1
300;720000;0.103236;1
300;720000;0.097505;1
300;720000;0.096645;1
300;720000;0.100784;1
300;720000;0.101873;1
300;720000;0.101063;1
300;720000;0.100199;1
300;720000;0.100575;1
300;720000;0.098953;1
300;720000;0.094262;1
300;720000;0.096496;1
300;720000;0.107859;1
300;720000;0.09952;1
300;720000;0.106414;1
300;720000;0.101648;1
300;720000;0.097928;1
300;720000;0.105728;1
300;720000;0.11961;1
300;720000;0.126545;1
300;720000;0.103451;1
300;720000;0.097963;1
300;720000;0.100038;1
300;720000;0.096385;1
300;720000;0.100226;1
300;720000;0.099926;1
300;720000;0.099966;1
300;720000;0.099822;1
300;720000;0.096543;1
300;720000;0.112532;1
300;720000;0.098724;1
300;720000;0.098386;1
300;720000;0.113255;1
300;720000;0.06906;2
300;720000;0.059403;2
300;720000;0.078285;2
300;720000;0.084218;2
300;720000;0.08569;2
300;720000;0.089487;2
300;720000;0.070505;2
300;720000;0.089475;2
300;720000;0.056273;2
300;720000;0.058313;2
300;720000;0.057828;2
300;720000;0.080167;2
300;720000;0.05965;2
300;720000;0.066334;2
300;720000;0.069043;2
300;720000;0.061514;2
300;720000;0.069416;2
300;720000;0.065841;2
300;720000;0.067255;2
300;720000;0.052262;2
300;720000;0.065645;2
300;720000;0.053513;2
300;720000;0.08479;2
300;720000;0.059022;2
300;720000;0.08024;2
300;720000;0.072035;2
300;720000;0.058286;2
300;720000;0.063226;2
300;720000;0.062231;2
300;720000;0.071112;2
300;720000;0.065026;2
300;720000;0.062936;2
300;720000;0.077728;2
300;720000;0.079088;2
300;720000;0.064411;2
300;720000;0.09138;2
300;720000;0.086281;2
300;720000;0.077398;2
300;720000;0.079676;2
300;720000;0.062881;2
300;720000;0.068578;2
300;720000;0.098193;2
300;720000;0.066001;2
300;720000;0.065326;2
300;720000;0.079331;2
300;720000;0.072496;2
300;720000;0.065824;2
300;720000;0.061822;2
300;720000;0.065824;2
300;720000;0.070899;2
300;720000;0.06873;2
300;720000;0.07027;2
300;720000;0.065928;2
300;720000;0.062167;2
300;720000;0.059586;2
300;720000;0.071419;2
300;720000;0.074509;2
300;720000;0.055391;2
300;720000;0.061366;2
300;720000;0.055693;2
300;720000;0.078334;2
300;720000;0.059238;2
300;720000;0.065816;2
300;720000;0.080855;2
300;720000;0.071064;2
300;720000;0.091836;2
300;720000;0.075881;2
300;720000;0.057773;2
300;720000;0.05651;2
300;720000;0.059905;2
300;720000;0.065825;2
300;720000;0.064283;2
300;720000;0.094925;2
300;720000;0.077864;2
300;720000;0.065904;2
300;720000;0.063823;2
300;720000;0.091056;2
300;720000;0.066119;2
300;720000;0.06387;2
300;720000;0.062993;2
300;720000;0.0725;2
300;720000;0.071544;2
300;720000;0.066594;2
300;720000;0.063664;2
300;720000;0.064937;2
300;720000;0.060505;2
300;720000;0.075856;2
300;720000;0.062226;2
300;720000;0.060458;2
300;720000;0.064203;2
300;720000;0.069195;2
300;720000;0.068074;2
300;720000;0.084419;2
300;720000;0.080291;2
300;720000;0.065964;2
300;720000;0.063372;2
300;720000;0.064884;2
300;720000;0.068871;2
300;720000;0.059238;2
300;720000;0.066241;2
300;720000;0.077479;3
300;720000;0.068103;3
300;720000;0.101484;3
300;720000;0.068527;3
300;720000;0.07733;3
300;720000;0.069857;3
300;720000;0.080136;3
300;720000;0.069043;3
300;720000;0.077125;3
300;720000;0.071025;3
300;720000;0.083061;3
300;720000;0.065469;3
300;720000;0.079908;3
300;720000;0.066341;3
300;720000;0.067592;3
300;720000;0.072216;3
300;720000;0.064496;3
300;720000;0.065031;3
300;720000;0.065853;3
300;720000;0.074982;3
300;720000;0.064139;3
300;720000;0.079835;3
300;720000;0.066271;3
300;720000;0.070464;3
300;720000;0.07507;3
300;720000;0.062673;3
300;720000;0.067264;3
300;720000;0.06214;3
300;720000;0.066869;3
300;720000;0.080664;3
300;720000;0.079455;3
300;720000;0.062802;3
300;720000;0.066817;3
300;720000;0.064491;3
300;720000;0.074723;3
300;720000;0.068535;3
300;720000;0.064619;3
300;720000;0.065775;3
300;720000;0.068047;3
300;720000;0.076762;3
300;720000;0.065795;3
300;720000;0.077453;3
300;720000;0.07718;3
300;720000;0.067853;3
300;720000;0.066252;3
300;720000;0.066094;3
300;720000;0.065834;3
300;720000;0.064799;3
300;720000;0.061;3
300;720000;0.070826;3
300;720000;0.067228;3
300;720000;0.065172;3
300;720000;0.084429;3
300;720000;0.066846;3
300;720000;0.07266;3
300;720000;0.066695;3
300;720000;0.066103;3
300;720000;0.075811;3
300;720000;0.06418;3
300;720000;0.065648;3
300;720000;0.06677;3
300;720000;0.07395;3
300;720000;0.068437;3
300;720000;0.068236;3
300;720000;0.064944;3
300;720000;0.064974;3
300;720000;0.073792;3
300;720000;0.064319;3
300;720000;0.065729;3
300;720000;0.065841;3
300;720000;0.072383;3
300;720000;0.089347;3
300;720000;0.0706;3
300;720000;0.065502;3
300;720000;0.065432;3
300;720000;0.064412;3
300;720000;0.076889;3
300;720000;0.065425;3
300;720000;0.067487;3
300;720000;0.074869;3
300;720000;0.065777;3
300;720000;0.062635;3
300;720000;0.06445;3
300;720000;0.068384;3
300;720000;0.065894;3
300;720000;0.065971;3
300;720000;0.065167;3
300;720000;0.063968;3
300;720000;0.071038;3
300;720000;0.066714;3
300;720000;0.086557;3
300;720000;0.065361;3
300;720000;0.065566;3
300;720000;0.065895;3
300;720000;0.068836;3
300;720000;0.072717;3
300;720000;0.068189;3
300;720000;0.078538;3
300;720000;0.069315;3
300;720000;0.069862;3
300;720000;0.055562;4
300;720000;0.053187;4
300;720000;0.057616;4
300;720000;0.085739;4
300;720000;0.070725;4
300;720000;0.058204;4
300;720000;0.058687;4
300;720000;0.054368;4
300;720000;0.065296;4
300;720000;0.05734;4
300;720000;0.058986;4
300;720000;0.062343;4
300;720000;0.055664;4
300;720000;0.058422;4
300;720000;0.058892;4
300;720000;0.053636;4
300;720000;0.073192;4
300;720000;0.064677;4
300;720000;0.055932;4
300;720000;0.053891;4
300;720000;0.057243;4
300;720000;0.053126;4
300;720000;0.055354;4
300;720000;0.055657;4
300;720000;0.075018;4
300;720000;0.067353;4
300;720000;0.053579;4
300;720000;0.05341;4
300;720000;0.052758;4
300;720000;0.055634;4
300;720000;0.059114;4
300;720000;0.066622;4
300;720000;0.055578;4
300;720000;0.068525;4
300;720000;0.055999;4
300;720000;0.053796;4
300;720000;0.053733;4
300;720000;0.054652;4
300;720000;0.05503;4
300;720000;0.089714;4
300;720000;0.054478;4
300;720000;0.054132;4
300;720000;0.053732;4
300;720000;0.064559;4
300;720000;0.05641;4
300;720000;0.053163;4
300;720000;0.070773;4
300;720000;0.071209;4
300;720000;0.057326;4
300;720000;0.081071;4
300;720000;0.05369;4
300;720000;0.059182;4
300;720000;0.053446;4
300;720000;0.091968;4
300;720000;0.056354;4
300;720000;0.057851;4
300;720000;0.057628;4
300;720000;0.054185;4
300;720000;0.056569;4
300;720000;0.053893;4
300;720000;0.057323;4
300;720000;0.054119;4
300;720000;0.053995;4
300;720000;0.054779;4
300;720000;0.055384;4
300;720000;0.053417;4
300;720000;0.053061;4
300;720000;0.053649;4
300;720000;0.052934;4
300;720000;0.053062;4
300;720000;0.053683;4
300;720000;0.053637;4
300;720000;0.053925;4
300;720000;0.067801;4
300;720000;0.0579;4
300;720000;0.054048;4
300;720000;0.057939;4
300;720000;0.05554;4
300;720000;0.052991;4
300;720000;0.055892;4
300;720000;0.055358;4
300;720000;0.055769;4
300;720000;0.073352;4
300;720000;0.055831;4
300;720000;0.058438;4
300;720000;0.053472;4
300;720000;0.054133;4
300;720000;0.066301;4
300;720000;0.054065;4
300;720000;0.054659;4
300;720000;0.053651;4
300;720000;0.06646;4
300;720000;0.056078;4
300;720000;0.053706;4
300;720000;0.054187;4
300;720000;0.0561;4
300;720000;0.055729;4
300;720000;0.055648;4
300;720000;0.053897;4
300;720000;0.055058;4
300;720000;0.059982;6
300;720000;0.060519;6
300;720000;0.073226;6
300;720000;0.074948;6
300;720000;0.059945;6
300;720000;0.060573;6
300;720000;0.092366;6
300;720000;0.062;6
300;720000;0.067336;6
300;720000;0.056961;6
300;720000;0.060949;6
300;720000;0.0571;6
300;720000;0.056675;6
300;720000;0.070601;6
300;720000;0.064588;6
300;720000;0.057827;6
300;720000;0.057217;6
300;720000;0.058698;6
300;720000;0.059007;6
300;720000;0.05709;6
300;720000;0.059359;6
300;720000;0.056849;6
300;720000;0.060103;6
300;720000;0.076391;6
300;720000;0.056518;6
300;720000;0.063102;6
300;720000;0.07406;6
300;720000;0.059398;6
300;720000;0.064363;6
300;720000;0.05652;6
300;720000;0.061938;6
300;720000;0.056476;6
300;720000;0.056408;6
300;720000;0.058372;6
300;720000;0.057533;6
300;720000;0.057145;6
300;720000;0.059199;6
300;720000;0.067124;6
300;720000;0.058531;6
300;720000;0.06048;6
300;720000;0.058074;6
300;720000;0.055033;6
300;720000;0.058055;6
300;720000;0.0569;6
300;720000;0.061235;6
300;720000;0.059099;6
300;720000;0.057248;6
300;720000;0.060069;6
300;720000;0.059914;6
300;720000;0.064088;6
300;720000;0.056626;6
300;720000;0.06102;6
300;720000;0.064351;6
300;720000;0.056914;6
300;720000;0.060096;6
300;720000;0.056545;6
300;720000;0.060081;6
300;720000;0.055039;6
300;720000;0.057344;6
300;720000;0.057753;6
300;720000;0.068115;6
300;720000;0.064616;6
300;720000;0.060179;6
300;720000;0.066358;6
300;720000;0.055551;6
300;720000;0.05638;6
300;720000;0.058116;6
300;720000;0.065781;6
300;720000;0.059628;6
300;720000;0.056989;6
300;720000;0.062863;6
300;720000;0.05828;6
300;720000;0.055616;6
300;720000;0.059171;6
300;720000;0.065539;6
300;720000;0.05614;6
300;720000;0.059269;6
300;720000;0.060768;6
300;720000;0.060648;6
300;720000;0.057609;6
300;720000;0.061698;6
300;720000;0.063923;6
300;720000;0.064497;6
300;720000;0.05827;6
300;720000;0.056309;6
300;720000;0.060876;6
300;720000;0.054931;6
300;720000;0.060119;6
300;720000;0.056364;6
300;720000;0.06399;6
300;720000;0.059212;6
300;720000;0.057298;6
300;720000;0.056631;6
300;720000;0.057752;6
300;720000;0.063443;6
300;720000;0.056073;6
300;720000;0.068104;6
300;720000;0.063854;6
300;720000;0.058444;6
300;720000;0.056222;6
300;720000;0.070619;10
300;720000;0.070741;10
300;720000;0.103801;10
300;720000;0.07287;10
300;720000;0.07588;10
300;720000;0.088117;10
300;720000;0.087507;10
300;720000;0.073617;10
300;720000;0.076209;10
300;720000;0.120432;10
300;720000;0.075421;10
300;720000;0.085305;10
300;720000;0.071893;10
300;720000;0.07847;10
300;720000;0.084357;10
300;720000;0.078314;10
300;720000;0.074876;10
300;720000;0.064843;10
300;720000;0.100029;10
300;720000;0.076707;10
300;720000;0.095266;10
300;720000;0.078395;10
300;720000;0.095103;10
300;720000;0.081996;10
300;720000;0.074005;10
300;720000;0.078791;10
300;720000;0.085603;10
300;720000;0.075178;10
300;720000;0.074208;10
300;720000;0.082357;10
300;720000;0.087255;10
300;720000;0.084573;10
300;720000;0.076153;10
300;720000;0.075265;10
300;720000;0.073829;10
300;720000;0.078146;10
300;720000;0.073452;10
300;720000;0.063806;10
300;720000;0.072977;10
300;720000;0.074208;10
300;720000;0.070791;10
300;720000;0.075424;10
300;720000;0.069224;10
300;720000;0.078873;10
300;720000;0.083343;10
300;720000;0.071047;10
300;720000;0.070251;10
300;720000;0.065653;10
300;720000;0.078459;10
300;720000;0.071492;10
300;720000;0.081443;10
300;720000;0.074199;10
300;720000;0.078147;10
300;720000;0.075958;10
300;720000;0.07197;10
300;720000;0.066933;10
300;720000;0.078436;10
300;720000;0.091682;10
300;720000;0.082761;10
300;720000;0.087558;10
300;720000;0.092645;10
300;720000;0.114747;10
300;720000;0.108696;10
300;720000;0.098414;10
300;720000;0.114408;10
300;720000;0.087234;10
300;720000;0.08871;10
300;720000;0.087699;10
300;720000;0.088281;10
300;720000;0.086776;10
300;720000;0.088283;10
300;720000;0.092722;10
300;720000;0.09735;10
300;720000;0.079812;10
300;720000;0.089352;10
300;720000;0.092516;10
300;720000;0.104477;10
300;720000;0.084691;10
300;720000;0.10481;10
300;720000;0.098047;10
300;720000;0.102846;10
300;720000;0.093075;10
300;720000;0.082668;10
300;720000;0.132565;10
300;720000;0.075615;10
300;720000;0.083464;10
300;720000;0.10669;10
300;720000;0.092609;10
300;720000;0.097435;10
300;720000;0.095776;10
300;720000;0.110174;10
300;720000;0.093782;10
300;720000;0.086455;10
300;720000;0.087564;10
300;720000;0.075126;10
300;720000;0.130285;10
300;720000;0.084048;10
300;720000;0.126607;10
300;720000;0.089974;10
300;720000;0.146161;10
300;720000;0.132439;16
300;720000;0.184245;16
300;720000;0.14157;16
300;720000;0.237722;16
300;720000;0.246442;16
300;720000;0.165541;16
300;720000;0.18655;16
300;720000;0.144513;16
300;720000;0.116974;16
300;720000;0.195663;16
300;720000;0.135386;16
300;720000;0.171399;16
300;720000;0.148424;16
300;720000;0.13231;16
300;720000;0.168282;16
300;720000;0.148234;16
300;720000;0.15907;16
300;720000;0.209652;16
300;720000;0.130949;16
300;720000;0.114594;16
300;720000;0.147507;16
300;720000;0.157487;16
300;720000;0.125083;16
300;720000;0.144278;16
300;720000;0.132397;16
300;720000;0.165508;16
300;720000;0.198488;16
300;720000;0.15049;16
300;720000;0.159754;16
300;720000;0.18256;16
300;720000;0.169637;16
300;720000;0.131988;16
300;720000;0.165493;16
300;720000;0.103209;16
300;720000;0.166934;16
300;720000;0.203947;16
300;720000;0.181247;16
300;720000;0.201102;16
300;720000;0.238288;16
300;720000;0.152414;16
300;720000;0.184724;16
300;720000;0.217529;16
300;720000;0.15226;16
300;720000;0.211896;16
300;720000;0.185117;16
300;720000;0.126741;16
300;720000;0.158439;16
300;720000;0.11515;16
300;720000;0.16915;16
300;720000;0.116618;16
300;720000;0.132656;16
300;720000;0.128638;16
300;720000;0.157141;16
300;720000;0.167039;16
300;720000;0.129129;16
300;720000;0.183468;16
300;720000;0.256138;16
300;720000;0.158706;16
300;720000;0.136682;16
300;720000;0.229839;16
300;720000;0.125113;16
300;720000;0.136723;16
300;720000;0.180375;16
300;720000;0.161851;16
300;720000;0.18014;16
300;720000;0.226614;16
300;720000;0.211655;16
300;720000;0.140368;16
300;720000;0.206303;16
300;720000;0.14844;16
300;720000;0.144587;16
300;720000;0.164774;16
300;720000;0.22841;16
300;720000;0.193644;16
300;720000;0.117275;16
300;720000;0.303825;16
300;720000;0.284098;16
300;720000;0.205868;16
300;720000;0.206554;16
300;720000;0.15731;16
300;720000;0.238819;16
300;720000;0.165979;16
300;720000;0.140707;16
300;720000;0.284515;16
300;720000;0.320356;16
300;720000;0.157438;16
300;720000;0.164624;16
300;720000;0.239174;16
300;720000;0.1225;16
300;720000;0.123339;16
300;720000;0.152247;16
300;720000;0.175307;16
300;720000;0.129145;16
300;720000;0.170153;16
300;720000;0.124499;16
300;720000;0.149685;16
300;720000;0.129538;16
300;720000;0.256896;16
300;720000;0.160321;16
300;720000;0.244022;16
600;2880000;1.029228;1
600;2880000;1.120454;1
600;2880000;0.873096;1
600;2880000;0.831941;1
600;2880000;0.827922;1
600;2880000;0.851755;1
600;2880000;0.848269;1
600;2880000;0.848916;1
600;2880000;0.842103;1
600;2880000;0.856927;1
600;2880000;0.854358;1
600;2880000;0.843352;1
600;2880000;0.836783;1
600;2880000;0.842126;1
600;2880000;0.844214;1
600;2880000;0.858387;1
600;2880000;0.85193;1
600;2880000;0.869899;1
600;2880000;0.898653;1
600;2880000;0.940634;1
600;2880000;0.845417;1
600;2880000;0.846587;1
600;2880000;0.840592;1
600;2880000;0.838255;1
600;2880000;0.855288;1
600;2880000;0.841665;1
600;2880000;0.839805;1
600;2880000;0.841547;1
600;2880000;0.867407;1
600;2880000;0.844228;1
600;2880000;0.875826;1
600;2880000;0.840324;1
600;2880000;0.823301;1
600;2880000;0.843479;1
600;2880000;0.829726;1
600;2880000;0.851382;1
600;2880000;0.84882;1
600;2880000;0.843605;1
600;2880000;0.838515;1
600;2880000;0.852384;1
600;2880000;0.837689;1
600;2880000;0.851306;1
600;2880000;0.859927;1
600;2880000;0.872127;1
600;2880000;0.935119;1
600;2880000;0.866967;1
600;2880000;0.839296;1
600;2880000;0.845463;1
600;2880000;0.871117;1
600;2880000;0.88065;1
600;2880000;0.855776;1
600;2880000;0.862767;1
600;2880000;0.862452;1
600;2880000;0.847616;1
600;2880000;0.863239;1
600;2880000;0.872261;1
600;2880000;0.945764;1
600;2880000;0.901965;1
600;2880000;0.912214;1
600;2880000;0.829165;1
600;2880000;0.852875;1
600;2880000;0.839266;1
600;2880000;0.830903;1
600;2880000;0.856258;1
600;2880000;0.87104;1
600;2880000;0.862409;1
600;2880000;0.84371;1
600;2880000;0.833137;1
600;2880000;0.845177;1
600;2880000;0.846539;1
600;2880000;0.845703;1
600;2880000;0.83789;1
600;2880000;0.852028;1
600;2880000;0.832074;1
600;2880000;0.836287;1
600;2880000;0.846581;1
600;2880000;0.843405;1
600;2880000;0.836008;1
600;2880000;0.863362;1
600;2880000;0.847078;1
600;2880000;0.842283;1
600;2880000;0.901887;1
600;2880000;0.855401;1
600;2880000;0.837185;1
600;2880000;0.838215;1
600;2880000;0.846954;1
600;2880000;0.845121;1
600;2880000;0.841508;1
600;2880000;0.82288;1
600;2880000;0.829842;1
600;2880000;0.831386;1
600;2880000;0.836562;1
600;2880000;0.83708;1
600;2880000;0.836106;1
600;2880000;0.841482;1
600;2880000;0.841522;1
600;2880000;0.832513;1
600;2880000;0.847024;1
600;2880000;0.837062;1
600;2880000;0.834854;1
600;2880000;0.622579;2
600;2880000;0.618801;2
600;2880000;0.581165;2
600;2880000;0.670801;2
600;2880000;0.589707;2
600;2880000;0.513433;2
600;2880000;0.6474;2
600;2880000;0.626295;2
600;2880000;0.516685;2
600;2880000;0.612621;2
600;2880000;0.663975;2
600;2880000;0.610261;2
600;2880000;0.568846;2
600;2880000;0.616616;2
600;2880000;0.539137;2
600;2880000;0.60413;2
600;2880000;0.582862;2
600;2880000;0.658799;2
600;2880000;0.580871;2
600;2880000;0.62726;2
600;2880000;0.588018;2
600;2880000;0.544466;2
600;2880000;0.590887;2
600;2880000;0.645549;2
600;2880000;0.613589;2
600;2880000;0.630298;2
600;2880000;0.603632;2
600;2880000;0.600969;2
600;2880000;0.54404;2
600;2880000;0.619064;2
600;2880000;0.619691;2
600;2880000;0.492523;2
600;2880000;0.605474;2
600;2880000;0.591784;2
600;2880000;0.496741;2
600;2880000;0.591796;2
600;2880000;0.544867;2
600;2880000;0.595322;2
600;2880000;0.590726;2
600;2880000;0.654269;2
600;2880000;0.592462;2
600;2880000;0.539061;2
600;2880000;0.571424;2
600;2880000;0.51606;2
600;2880000;0.63816;2
600;2880000;0.595062;2
600;2880000;0.707472;2
600;2880000;0.585179;2
600;2880000;0.580475;2
600;2880000;0.590275;2
600;2880000;0.555567;2
600;2880000;0.616972;2
600;2880000;0.580648;2
600;2880000;0.583965;2
600;2880000;0.599226;2
600;2880000;0.540331;2
600;2880000;0.575707;2
600;2880000;0.578224;2
600;2880000;0.595122;2
600;2880000;0.565799;2
600;2880000;0.584805;2
600;2880000;0.561344;2
600;2880000;0.587075;2
600;2880000;0.535731;2
600;2880000;0.659529;2
600;2880000;0.53494;2
600;2880000;0.594341;2
600;2880000;0.638665;2
600;2880000;0.618354;2
600;2880000;0.563682;2
600;2880000;0.587972;2
600;2880000;0.576563;2
600;2880000;0.586526;2
600;2880000;0.595839;2
600;2880000;0.621294;2
600;2880000;0.611807;2
600;2880000;0.532328;2
600;2880000;0.60539;2
600;2880000;0.59093;2
600;2880000;0.550146;2
600;2880000;0.551991;2
600;2880000;0.618198;2
600;2880000;0.544736;2
600;2880000;0.612636;2
600;2880000;0.59933;2
600;2880000;0.5611;2
600;2880000;0.585565;2
600;2880000;0.685003;2
600;2880000;0.622948;2
600;2880000;0.545771;2
600;2880000;0.574292;2
600;2880000;0.502349;2
600;2880000;0.628424;2
600;2880000;0.549329;2
600;2880000;0.544338;2
600;2880000;0.578564;2
600;2880000;0.619834;2
600;2880000;0.5481;2
600;2880000;0.626846;2
600;2880000;0.636949;2
600;2880000;0.867111;3
600;2880000;0.838962;3
600;2880000;0.860697;3
600;2880000;0.879478;3
600;2880000;0.859178;3
600;2880000;0.867226;3
600;2880000;0.728295;3
600;2880000;0.613755;3
600;2880000;0.642532;3
600;2880000;0.667128;3
600;2880000;0.617592;3
600;2880000;0.616374;3
600;2880000;0.657087;3
600;2880000;0.651612;3
600;2880000;0.650489;3
600;2880000;0.655941;3
600;2880000;0.626444;3
600;2880000;0.679894;3
600;2880000;0.659797;3
600;2880000;0.613138;3
600;2880000;0.637727;3
600;2880000;0.663345;3
600;2880000;0.633828;3
600;2880000;0.644411;3
600;2880000;0.626116;3
600;2880000;0.646601;3
600;2880000;0.677851;3
600;2880000;0.619455;3
600;2880000;0.596849;3
600;2880000;0.750459;3
600;2880000;0.620182;3
600;2880000;0.658604;3
600;2880000;0.632545;3
600;2880000;0.593415;3
600;2880000;0.629897;3
600;2880000;0.651587;3
600;2880000;0.616626;3
600;2880000;0.643538;3
600;2880000;0.6372;3
600;2880000;0.641657;3
600;2880000;0.655228;3
600;2880000;0.624465;3
600;2880000;0.62169;3
600;2880000;0.657654;3
600;2880000;0.665896;3
600;2880000;0.642276;3
600;2880000;0.661895;3
600;2880000;0.668546;3
600;2880000;0.66561;3
600;2880000;0.61072;3
600;2880000;0.596771;3
600;2880000;0.668348;3
600;2880000;0.626428;3
600;2880000;0.579413;3
600;2880000;0.618487;3
600;2880000;0.640687;3
600;2880000;0.65811;3
600;2880000;0.614869;3
600;2880000;0.56521;3
600;2880000;0.618619;3
600;2880000;0.661618;3
600;2880000;0.650772;3
600;2880000;0.632968;3
600;2880000;0.63966;3
600;2880000;0.667797;3
600;2880000;0.635877;3
600;2880000;0.598227;3
600;2880000;0.68968;3
600;2880000;0.62804;3
600;2880000;0.636254;3
600;2880000;0.651056;3
600;2880000;0.638583;3
600;2880000;0.685499;3
600;2880000;0.651007;3
600;2880000;0.606188;3
600;2880000;0.658454;3
600;2880000;0.648013;3
600;2880000;0.68311;3
600;2880000;0.610756;3
600;2880000;0.7484;3
600;2880000;0.762653;3
600;2880000;0.649152;3
600;2880000;0.651743;3
600;2880000;0.643921;3
600;2880000;0.580504;3
600;2880000;0.652134;3
600;2880000;0.638103;3
600;2880000;0.646677;3
600;2880000;0.606856;3
600;2880000;0.596162;3
600;2880000;0.629384;3
600;2880000;0.65033;3
600;2880000;0.631047;3
600;2880000;0.695319;3
600;2880000;0.649518;3
600;2880000;0.665544;3
600;2880000;0.613708;3
600;2880000;0.645643;3
600;2880000;0.642933;3
600;2880000;0.643041;3
600;2880000;0.829301;4
600;2880000;0.828775;4
600;2880000;0.798636;4
600;2880000;0.822045;4
600;2880000;0.819208;4
600;2880000;0.830125;4
600;2880000;0.868826;4
600;2880000;0.817517;4
600;2880000;0.835226;4
600;2880000;0.842215;4
600;2880000;0.829605;4
600;2880000;0.837244;4
600;2880000;0.828921;4
600;2880000;0.827639;4
600;2880000;0.823677;4
600;2880000;0.832869;4
600;2880000;0.829426;4
600;2880000;0.831736;4
600;2880000;0.825877;4
600;2880000;0.798593;4
600;2880000;0.812031;4
600;2880000;0.828032;4
600;2880000;0.806502;4
600;2880000;0.811676;4
600;2880000;0.830743;4
600;2880000;0.798036;4
600;2880000;0.814345;4
600;2880000;0.821604;4
600;2880000;0.812793;4
600;2880000;0.805143;4
600;2880000;0.825584;4
600;2880000;0.799703;4
600;2880000;0.810044;4
600;2880000;0.780322;4
600;2880000;0.797808;4
600;2880000;0.816508;4
600;2880000;0.823138;4
600;2880000;0.78814;4
600;2880000;0.819926;4
600;2880000;0.828592;4
600;2880000;0.813605;4
600;2880000;0.871272;4
600;2880000;0.842425;4
600;2880000;0.841988;4
600;2880000;0.81281;4
600;2880000;0.831515;4
600;2880000;0.826844;4
600;2880000;0.827392;4
600;2880000;0.824169;4
600;2880000;0.821913;4
600;2880000;0.820822;4
600;2880000;0.846002;4
600;2880000;0.831202;4
600;2880000;0.828394;4
600;2880000;0.819109;4
600;2880000;0.819107;4
600;2880000;0.832986;4
600;2880000;0.826672;4
600;2880000;0.813923;4
600;2880000;0.834391;4
600;2880000;0.828944;4
600;2880000;0.836252;4
600;2880000;0.831793;4
600;2880000;0.82545;4
600;2880000;0.811063;4
600;2880000;0.828306;4
600;2880000;0.845656;4
600;2880000;0.82715;4
600;2880000;0.812282;4
600;2880000;0.832849;4
600;2880000;0.828226;4
600;2880000;0.835852;4
600;2880000;0.821408;4
600;2880000;0.826488;4
600;2880000;0.847006;4
600;2880000;0.844395;4
600;2880000;0.832054;4
600;2880000;0.829545;4
600;2880000;0.839885;4
600;2880000;0.819519;4
600;2880000;0.822791;4
600;2880000;0.817235;4
600;2880000;0.834579;4
600;2880000;0.8321;4
600;2880000;0.821;4
600;2880000;0.814351;4
600;2880000;0.825108;4
600;2880000;0.808229;4
600;2880000;0.797257;4
600;2880000;0.806523;4
600;2880000;0.838696;4
600;2880000;0.820515;4
600;2880000;0.824182;4
600;2880000;0.825403;4
600;2880000;0.823393;4
600;2880000;0.826775;4
600;2880000;0.825412;4
600;2880000;0.826878;4
600;2880000;0.821198;4
600;2880000;0.812616;4
600;2880000;0.868516;6
600;2880000;0.834427;6
600;2880000;0.843445;6
600;2880000;0.837508;6
600;2880000;0.829376;6
600;2880000;0.836382;6
600;2880000;0.826212;6
600;2880000;0.826567;6
600;2880000;0.828676;6
600;2880000;0.809788;6
600;2880000;0.807926;6
600;2880000;0.82128;6
600;2880000;0.82549;6
600;2880000;0.84313;6
600;2880000;0.827765;6
600;2880000;0.8305;6
600;2880000;0.829776;6
600;2880000;0.834001;6
600;2880000;0.828538;6
600;2880000;0.819661;6
600;2880000;0.832887;6
600;2880000;0.815163;6
600;2880000;0.835269;6
600;2880000;0.828128;6
600;2880000;0.823036;6
600;2880000;0.821389;6
600;2880000;0.82575;6
600;2880000;0.82385;6
600;2880000;0.831889;6
600;2880000;0.824821;6
600;2880000;0.814167;6
600;2880000;0.825498;6
600;2880000;0.821536;6
600;2880000;0.797507;6
600;2880000;0.837651;6
600;2880000;0.819817;6
600;2880000;0.835324;6
600;2880000;0.817666;6
600;2880000;0.823834;6
600;2880000;0.829869;6
600;2880000;0.829751;6
600;2880000;0.814805;6
600;2880000;0.82929;6
600;2880000;0.900648;6
600;2880000;0.823637;6
600;2880000;0.828026;6
600;2880000;0.857828;6
600;2880000;0.844139;6
600;2880000;0.817429;6
600;2880000;0.818842;6
600;2880000;0.82602;6
600;2880000;0.836196;6
600;2880000;0.824462;6
600;2880000;0.836981;6
600;2880000;0.839756;6
600;2880000;0.829797;6
600;2880000;0.823457;6
600;2880000;0.822353;6
600;2880000;0.841431;6
600;2880000;0.825124;6
600;2880000;0.822317;6
600;2880000;0.83224;6
600;2880000;0.815751;6
600;2880000;0.814672;6
600;2880000;0.817994;6
600;2880000;0.868706;6
600;2880000;0.832269;6
600;2880000;0.837892;6
600;2880000;0.818565;6
600;2880000;0.81741;6
600;2880000;0.824803;6
600;2880000;0.834122;6
600;2880000;0.830186;6
600;2880000;0.821446;6
600;2880000;0.821554;6
600;2880000;0.821813;6
600;2880000;0.822688;6
600;2880000;0.832622;6
600;2880000;0.834396;6
600;2880000;0.82334;6
600;2880000;0.83721;6
600;2880000;0.844146;6
600;2880000;0.824659;6
600;2880000;0.826386;6
600;2880000;0.817768;6
600;2880000;0.826554;6
600;2880000;0.822907;6
600;2880000;0.831922;6
600;2880000;0.830835;6
600;2880000;0.828512;6
600;2880000;0.823284;6
600;2880000;0.819824;6
600;2880000;0.835018;6
600;2880000;0.816446;6
600;2880000;0.815606;6
600;2880000;0.822636;6
600;2880000;0.823146;6
600;2880000;0.841282;6
600;2880000;0.845889;6
600;2880000;0.886126;6
600;2880000;1.044886;10
600;2880000;0.921719;10
600;2880000;0.966286;10
600;2880000;0.908055;10
600;2880000;0.93728;10
600;2880000;1.00709;10
600;2880000;0.906106;10
600;2880000;0.924691;10
600;2880000;0.976132;10
600;2880000;0.93246;10
600;2880000;0.937867;10
600;2880000;0.928724;10
600;2880000;1.015574;10
600;2880000;0.917955;10
600;2880000;0.893645;10
600;2880000;0.992724;10
600;2880000;0.925972;10
600;2880000;0.91727;10
600;2880000;1.02141;10
600;2880000;0.898684;10
600;2880000;0.941891;10
600;2880000;0.921587;10
600;2880000;0.930798;10
600;2880000;1.004803;10
600;2880000;0.996491;10
600;2880000;0.970574;10
600;2880000;0.91375;10
600;2880000;0.92506;10
600;2880000;0.885352;10
600;2880000;0.886113;10
600;2880000;0.896432;10
600;2880000;0.941663;10
600;2880000;0.90226;10
600;2880000;0.896179;10
600;2880000;0.904183;10
600;2880000;1.003808;10
600;2880000;0.911507;10
600;2880000;0.95665;10
600;2880000;0.890955;10
600;2880000;0.991933;10
600;2880000;0.948372;10
600;2880000;0.903113;10
600;2880000;0.942807;10
600;2880000;0.925373;10
600;2880000;0.906205;10
600;2880000;0.908538;10
600;2880000;0.927807;10
600;2880000;0.974077;10
600;2880000;0.936403;10
600;2880000;0.909717;10
600;2880000;0.96581;10
600;2880000;0.96451;10
600;2880000;0.947519;10
600;2880000;1.20924;10
600;2880000;1.130394;10
600;2880000;1.004101;10
600;2880000;1.057327;10
600;2880000;0.989064;10
600;2880000;0.933135;10
600;2880000;1.005238;10
600;2880000;0.898979;10
600;2880000;0.915197;10
600;2880000;0.998534;10
600;2880000;0.94481;10
600;2880000;0.955682;10
600;2880000;0.97415;10
600;2880000;0.926162;10
600;2880000;0.991398;10
600;2880000;0.944981;10
600;2880000;0.914012;10
600;2880000;0.941349;10
600;2880000;0.921618;10
600;2880000;0.932968;10
600;2880000;0.957051;10
600;2880000;0.970649;10
600;2880000;0.974077;10
600;2880000;0.935455;10
600;2880000;0.959873;10
600;2880000;0.9328;10
600;2880000;0.907694;10
600;2880000;0.944029;10
600;2880000;1.031601;10
600;2880000;0.942954;10
600;2880000;0.965352;10
600;2880000;0.902594;10
600;2880000;0.91247;10
600;2880000;0.92086;10
600;2880000;0.925687;10
600;2880000;0.96863;10
600;2880000;0.899681;10
600;2880000;0.942171;10
600;2880000;0.993953;10
600;2880000;0.906342;10
600;2880000;0.980319;10
600;2880000;0.963478;10
600;2880000;0.921299;10
600;2880000;0.992047;10
600;2880000;0.908015;10
600;2880000;0.93986;10
600;2880000;0.947966;10
600;2880000;1.477037;16
600;2880000;1.446574;16
600;2880000;1.356901;16
600;2880000;1.355984;16
600;2880000;1.394441;16
600;2880000;1.40482;16
600;2880000;1.402947;16
600;2880000;1.264374;16
600;2880000;1.379245;16
600;2880000;1.318422;16
600;2880000;1.284984;16
600;2880000;1.380285;16
600;2880000;1.403553;16
600;2880000;1.371693;16
600;2880000;1.342565;16
600;2880000;1.374392;16
600;2880000;1.349285;16
600;2880000;1.327019;16
600;2880000;1.362135;16
600;2880000;1.368507;16
600;2880000;1.341257;16
600;2880000;1.299146;16
600;2880000;1.354966;16
600;2880000;1.368442;16
600;2880000;1.352353;16
600;2880000;1.309911;16
600;2880000;1.311047;16
600;2880000;1.284971;16
600;2880000;1.338051;16
600;2880000;1.311662;16
600;2880000;1.355122;16
600;2880000;1.32359;16
600;2880000;1.478114;16
600;2880000;1.322865;16
600;2880000;1.367683;16
600;2880000;1.347741;16
600;2880000;1.324005;16
600;2880000;1.282402;16
600;2880000;1.335781;16
600;2880000;1.421248;16
600;2880000;1.383043;16
600;2880000;1.382119;16
600;2880000;1.409094;16
600;2880000;1.343845;16
600;2880000;1.384776;16
600;2880000;1.335251;16
600;2880000;1.480591;16
600;2880000;1.370003;16
600;2880000;1.425882;16
600;2880000;1.772773;16
600;2880000;1.491943;16
600;2880000;1.410506;16
600;2880000;1.433463;16
600;2880000;1.408428;16
600;2880000;1.335679;16
600;2880000;1.300863;16
600;2880000;1.254459;16
600;2880000;1.320457;16
600;2880000;1.320303;16
600;2880000;1.34484;16
600;2880000;1.341754;16
600;2880000;1.307629;16
600;2880000;1.38234;16
600;2880000;1.406444;16
600;2880000;1.435142;16
600;2880000;1.393999;16
600;2880000;1.364347;16
600;2880000;1.47934;16
600;2880000;1.368068;16
600;2880000;1.39089;16
600;2880000;1.351383;16
600;2880000;1.389884;16
600;2880000;1.44098;16
600;2880000;1.406457;16
600;2880000;1.391341;16
600;2880000;1.399784;16
600;2880000;1.314452;16
600;2880000;1.410095;16
600;2880000;1.354282;16
600;2880000;1.353026;16
600;2880000;1.38423;16
600;2880000;1.328729;16
600;2880000;1.308818;16
600;2880000;1.326471;16
600;2880000;1.43023;16
600;2880000;1.285975;16
600;2880000;1.386032;16
600;2880000;1.422876;16
600;2880000;1.360072;16
600;2880000;1.391397;16
600;2880000;1.353368;16
600;2880000;1.366232;16
600;2880000;1.370622;16
600;2880000;1.369332;16
600;2880000;1.332713;16
600;2880000;1.45964;16
600;2880000;1.313952;16
600;2880000;1.395451;16
600;2880000;1.417339;16
600;2880000;1.293641;16
900;6480000;3.109643;1
900;6480000;2.973463;1
900;6480000;2.974935;1
900;6480000;2.955589;1
900;6480000;2.964177;1
900;6480000;2.95672;1
900;6480000;3.030457;1
900;6480000;3.064385;1
900;6480000;2.987961;1
900;6480000;2.991581;1
900;6480000;2.987015;1
900;6480000;3.014795;1
900;6480000;2.948986;1
900;6480000;2.95068;1
900;6480000;2.944816;1
900;6480000;3.237249;1
900;6480000;2.990289;1
900;6480000;3.046711;1
900;6480000;2.95457;1
900;6480000;2.958273;1
900;6480000;2.979124;1
900;6480000;2.956596;1
900;6480000;2.956888;1
900;6480000;2.975403;1
900;6480000;2.934164;1
900;6480000;2.93809;1
900;6480000;2.941832;1
900;6480000;2.965145;1
900;6480000;2.947038;1
900;6480000;2.949087;1
900;6480000;2.946161;1
900;6480000;2.957309;1
900;6480000;2.936981;1
900;6480000;2.940358;1
900;6480000;2.935655;1
900;6480000;2.956899;1
900;6480000;3.012896;1
900;6480000;2.95243;1
900;6480000;2.930684;1
900;6480000;2.938885;1
900;6480000;2.937824;1
900;6480000;2.932508;1
900;6480000;2.966612;1
900;6480000;2.968669;1
900;6480000;2.971006;1
900;6480000;2.933025;1
900;6480000;2.947138;1
900;6480000;2.969413;1
900;6480000;2.939928;1
900;6480000;2.943308;1
900;6480000;2.950902;1
900;6480000;2.939132;1
900;6480000;2.954216;1
900;6480000;2.942936;1
900;6480000;2.952359;1
900;6480000;2.952045;1
900;6480000;3.063494;1
900;6480000;2.955092;1
900;6480000;2.935945;1
900;6480000;2.951167;1
900;6480000;2.967438;1
900;6480000;2.944157;1
900;6480000;2.976056;1
900;6480000;2.959761;1
900;6480000;2.969225;1
900;6480000;2.942992;1
900;6480000;2.926159;1
900;6480000;3.003155;1
900;6480000;2.993123;1
900;6480000;2.983522;1
900;6480000;2.942865;1
900;6480000;2.940175;1
900;6480000;2.92562;1
900;6480000;2.932869;1
900;6480000;2.967764;1
900;6480000;2.960082;1
900;6480000;3.069715;1
900;6480000;2.926538;1
900;6480000;2.960239;1
900;6480000;2.944321;1
900;6480000;3.096356;1
900;6480000;3.116561;1
900;6480000;2.946674;1
900;6480000;3.052265;1
900;6480000;3.000234;1
900;6480000;2.988685;1
900;6480000;2.973294;1
900;6480000;2.946426;1
900;6480000;2.921339;1
900;6480000;2.965796;1
900;6480000;2.955057;1
900;6480000;2.91919;1
900;6480000;2.957348;1
900;6480000;2.975441;1
900;6480000;2.998543;1
900;6480000;3.047915;1
900;6480000;2.931414;1
900;6480000;2.951022;1
900;6480000;2.926284;1
900;6480000;2.953308;1
900;6480000;2.230952;2
900;6480000;2.184045;2
900;6480000;2.057204;2
900;6480000;2.003394;2
900;6480000;2.204055;2
900;6480000;2.022883;2
900;6480000;2.029613;2
900;6480000;2.112109;2
900;6480000;2.123771;2
900;6480000;2.107787;2
900;6480000;2.142979;2
900;6480000;2.115575;2
900;6480000;2.016527;2
900;6480000;1.997996;2
900;6480000;2.08844;2
900;6480000;1.956153;2
900;6480000;2.058027;2
900;6480000;2.20105;2
900;6480000;2.029435;2
900;6480000;2.026082;2
900;6480000;2.146205;2
900;6480000;2.111748;2
900;6480000;2.120433;2
900;6480000;2.049168;2
900;6480000;2.030645;2
900;6480000;2.260053;2
900;6480000;2.063098;2
900;6480000;1.995269;2
900;6480000;2.085547;2
900;6480000;2.148315;2
900;6480000;2.063583;2
900;6480000;1.94022;2
900;6480000;2.083124;2
900;6480000;2.176644;2
900;6480000;2.075193;2
900;6480000;1.996986;2
900;6480000;2.134132;2
900;6480000;2.218612;2
900;6480000;2.147177;2
900;6480000;2.10567;2
900;6480000;2.153755;2
900;6480000;2.19919;2
900;6480000;2.173389;2
900;6480000;2.214505;2
900;6480000;2.222341;2
900;6480000;2.075674;2
900;6480000;1.963756;2
900;6480000;2.036912;2
900;6480000;2.044345;2
900;6480000;2.108637;2
900;6480000;2.088948;2
900;6480000;2.002014;2
900;6480000;2.138885;2
900;6480000;2.137437;2
900;6480000;2.079642;2
900;6480000;2.070429;2
900;6480000;2.081272;2
900;6480000;2.098987;2
900;6480000;2.360808;2
900;6480000;2.072062;2
900;6480000;2.225778;2
900;6480000;2.128984;2
900;6480000;2.022315;2
900;6480000;2.004469;2
900;6480000;1.936139;2
900;6480000;2.168418;2
900;6480000;2.060685;2
900;6480000;2.063229;2
900;6480000;2.004703;2
900;6480000;2.08086;2
900;6480000;2.075834;2
900;6480000;2.009102;2
900;6480000;1.942493;2
900;6480000;2.061442;2
900;6480000;2.084227;2
900;6480000;2.260919;2
900;6480000;2.235728;2
900;6480000;2.253087;2
900;6480000;2.192296;2
900;6480000;2.081207;2
900;6480000;2.157546;2
900;6480000;2.107178;2
900;6480000;2.26476;2
900;6480000;2.096026;2
900;6480000;2.201699;2
900;6480000;2.213012;2
900;6480000;2.130641;2
900;6480000;1.989436;2
900;6480000;2.048523;2
900;6480000;2.130872;2
900;6480000;2.063142;2
900;6480000;2.095518;2
900;6480000;2.078727;2
900;6480000;2.008482;2
900;6480000;2.117572;2
900;6480000;2.200451;2
900;6480000;2.202206;2
900;6480000;2.092341;2
900;6480000;2.155639;2
900;6480000;2.035227;2
900;6480000;2.720551;3
900;6480000;2.317715;3
900;6480000;2.271518;3
900;6480000;2.29492;3
900;6480000;2.30015;3
900;6480000;2.380965;3
900;6480000;2.286703;3
900;6480000;2.268735;3
900;6480000;2.272731;3
900;6480000;2.357347;3
900;6480000;2.343302;3
900;6480000;2.217052;3
900;6480000;2.28322;3
900;6480000;2.354427;3
900;6480000;2.410402;3
900;6480000;2.161687;3
900;6480000;2.322561;3
900;6480000;2.285241;3
900;6480000;2.247521;3
900;6480000;2.340894;3
900;6480000;2.303268;3
900;6480000;2.273887;3
900;6480000;2.24386;3
900;6480000;2.282287;3
900;6480000;2.240912;3
900;6480000;2.451993;3
900;6480000;2.216332;3
900;6480000;2.263813;3
900;6480000;2.353293;3
900;6480000;2.282941;3
900;6480000;2.438896;3
900;6480000;2.29195;3
900;6480000;2.329288;3
900;6480000;2.303202;3
900;6480000;2.212007;3
900;6480000;2.270667;3
900;6480000;2.279078;3
900;6480000;2.266563;3
900;6480000;2.332813;3
900;6480000;2.254607;3
900;6480000;2.296627;3
900;6480000;2.343957;3
900;6480000;2.259734;3
900;6480000;2.286907;3
900;6480000;2.341596;3
900;6480000;2.271972;3
900;6480000;2.59535;3
900;6480000;2.297623;3
900;6480000;2.220092;3
900;6480000;2.477073;3
900;6480000;2.246161;3
900;6480000;2.239041;3
900;6480000;2.269946;3
900;6480000;2.223781;3
900;6480000;2.175945;3
900;6480000;2.299614;3
900;6480000;2.278856;3
900;6480000;2.261593;3
900;6480000;2.261217;3
900;6480000;2.318539;3
900;6480000;2.304668;3
900;6480000;2.283846;3
900;6480000;2.252542;3
900;6480000;2.236899;3
900;6480000;2.211978;3
900;6480000;2.291276;3
900;6480000;2.335091;3
900;6480000;2.200548;3
900;6480000;2.239531;3
900;6480000;2.289823;3
900;6480000;2.33202;3
900;6480000;2.262869;3
900;6480000;2.278827;3
900;6480000;2.230114;3
900;6480000;2.467783;3
900;6480000;2.221257;3
900;6480000;2.289896;3
900;6480000;2.227255;3
900;6480000;2.259019;3
900;6480000;2.252792;3
900;6480000;2.280388;3
900;6480000;2.282349;3
900;6480000;2.24575;3
900;6480000;2.297979;3
900;6480000;2.320842;3
900;6480000;2.310642;3
900;6480000;2.250132;3
900;6480000;2.246728;3
900;6480000;2.277682;3
900;6480000;2.299974;3
900;6480000;2.291407;3
900;6480000;2.312726;3
900;6480000;2.276397;3
900;6480000;2.292243;3
900;6480000;2.184951;3
900;6480000;2.279683;3
900;6480000;2.235364;3
900;6480000;2.265349;3
900;6480000;2.331206;3
900;6480000;2.487611;3
900;6480000;3.305241;4
900;6480000;3.2641;4
900;6480000;3.261532;4
900;6480000;3.227177;4
900;6480000;3.250569;4
900;6480000;3.273257;4
900;6480000;3.248667;4
900;6480000;3.2496;4
900;6480000;3.276358;4
900;6480000;3.239451;4
900;6480000;3.238187;4
900;6480000;3.211318;4
900;6480000;3.248139;4
900;6480000;3.274215;4
900;6480000;3.266898;4
900;6480000;3.235699;4
900;6480000;3.29117;4
900;6480000;3.229633;4
900;6480000;3.217812;4
900;6480000;3.232196;4
900;6480000;3.253412;4
900;6480000;3.233965;4
900;6480000;3.246465;4
900;6480000;3.275821;4
900;6480000;3.273978;4
900;6480000;3.24262;4
900;6480000;3.258034;4
900;6480000;3.261447;4
900;6480000;3.310418;4
900;6480000;3.263854;4
900;6480000;3.268344;4
900;6480000;3.289123;4
900;6480000;3.256128;4
900;6480000;3.287825;4
900;6480000;3.305918;4
900;6480000;3.276145;4
900;6480000;3.25181;4
900;6480000;3.266908;4
900;6480000;3.256812;4
900;6480000;3.237988;4
900;6480000;3.232366;4
900;6480000;3.220005;4
900;6480000;3.263738;4
900;6480000;3.260663;4
900;6480000;3.263111;4
900;6480000;3.257281;4
900;6480000;3.264913;4
900;6480000;3.251733;4
900;6480000;3.264539;4
900;6480000;3.244327;4
900;6480000;3.256151;4
900;6480000;3.267335;4
900;6480000;3.309827;4
900;6480000;3.244091;4
900;6480000;3.267014;4
900;6480000;3.26914;4
900;6480000;3.31163;4
900;6480000;3.274452;4
900;6480000;3.233735;4
900;6480000;3.221891;4
900;6480000;3.230648;4
900;6480000;3.241888;4
900;6480000;3.226079;4
900;6480000;3.256339;4
900;6480000;3.260192;4
900;6480000;3.238818;4
900;6480000;3.246831;4
900;6480000;3.24116;4
900;6480000;3.24704;4
900;6480000;3.299421;4
900;6480000;3.250188;4
900;6480000;3.264585;4
900;6480000;3.23764;4
900;6480000;3.212876;4
900;6480000;3.233322;4
900;6480000;3.27605;4
900;6480000;3.258563;4
900;6480000;3.2601;4
900;6480000;3.253182;4
900;6480000;3.269459;4
900;6480000;3.250129;4
900;6480000;3.249485;4
900;6480000;3.237807;4
900;6480000;3.254799;4
900;6480000;3.25181;4
900;6480000;3.268357;4
900;6480000;3.322986;4
900;6480000;3.304516;4
900;6480000;3.26242;4
900;6480000;3.2587;4
900;6480000;3.268862;4
900;6480000;3.241185;4
900;6480000;3.273692;4
900;6480000;3.240033;4
900;6480000;3.206967;4
900;6480000;3.256527;4
900;6480000;3.256994;4
900;6480000;3.241922;4
900;6480000;3.244339;4
900;6480000;3.263936;4
900;6480000;3.312051;6
900;6480000;3.258274;6
900;6480000;3.260253;6
900;6480000;3.265537;6
900;6480000;3.25586;6
900;6480000;3.292102;6
900;6480000;3.28672;6
900;6480000;3.238021;6
900;6480000;3.26028;6
900;6480000;3.275146;6
900;6480000;3.269554;6
900;6480000;3.272592;6
900;6480000;3.273664;6
900;6480000;3.263478;6
900;6480000;3.315893;6
900;6480000;3.277199;6
900;6480000;3.2477;6
900;6480000;3.252483;6
900;6480000;3.253508;6
900;6480000;3.233166;6
900;6480000;3.247025;6
900;6480000;3.270967;6
900;6480000;3.317946;6
900;6480000;3.323414;6
900;6480000;3.360186;6
900;6480000;3.333097;6
900;6480000;3.340441;6
900;6480000;3.383723;6
900;6480000;3.361209;6
900;6480000;3.312025;6
900;6480000;3.353399;6
900;6480000;3.369717;6
900;6480000;3.360562;6
900;6480000;3.323067;6
900;6480000;3.348457;6
900;6480000;3.326467;6
900;6480000;3.338668;6
900;6480000;3.354291;6
900;6480000;3.373441;6
900;6480000;3.357204;6
900;6480000;3.340978;6
900;6480000;3.333464;6
900;6480000;3.328508;6
900;6480000;3.35172;6
900;6480000;3.321171;6
900;6480000;3.31674;6
900;6480000;3.284563;6
900;6480000;3.289957;6
900;6480000;3.325909;6
900;6480000;3.288482;6
900;6480000;3.286381;6
900;6480000;3.297;6
900;6480000;3.347344;6
900;6480000;3.357356;6
900;6480000;3.326138;6
900;6480000;3.27075;6
900;6480000;3.27318;6
900;6480000;3.28134;6
900;6480000;3.278021;6
900;6480000;3.292744;6
900;6480000;3.282996;6
900;6480000;3.275632;6
900;6480000;3.274085;6
900;6480000;3.290955;6
900;6480000;3.272484;6
900;6480000;3.326234;6
900;6480000;3.274588;6
900;6480000;3.26953;6
900;6480000;3.263825;6
900;6480000;3.26199;6
900;6480000;3.271632;6
900;6480000;3.285936;6
900;6480000;3.268082;6
900;6480000;3.272794;6
900;6480000;3.263204;6
900;6480000;3.264809;6
900;6480000;3.261755;6
900;6480000;3.291425;6
900;6480000;3.279356;6
900;6480000;3.287361;6
900;6480000;3.45385;6
900;6480000;3.288619;6
900;6480000;3.321729;6
900;6480000;3.290642;6
900;6480000;3.27217;6
900;6480000;3.307389;6
900;6480000;3.27875;6
900;6480000;3.277757;6
900;6480000;3.26737;6
900;6480000;3.267962;6
900;6480000;3.266629;6
900;6480000;3.273522;6
900;6480000;3.278263;6
900;6480000;3.275611;6
900;6480000;3.262914;6
900;6480000;3.242183;6
900;6480000;3.261489;6
900;6480000;3.264721;6
900;6480000;3.280131;6
900;6480000;3.266445;6
900;6480000;3.425019;10
900;6480000;3.412512;10
900;6480000;3.436042;10
900;6480000;3.43647;10
900;6480000;3.523241;10
900;6480000;3.368265;10
900;6480000;3.522601;10
900;6480000;3.399732;10
900;6480000;3.455295;10
900;6480000;3.490009;10
900;6480000;3.510841;10
900;6480000;3.404211;10
900;6480000;3.528491;10
900;6480000;3.47169;10
900;6480000;3.467889;10
900;6480000;3.395245;10
900;6480000;3.523619;10
900;6480000;3.428912;10
900;6480000;3.422079;10
900;6480000;3.395973;10
900;6480000;3.399042;10
900;6480000;3.498041;10
900;6480000;3.458853;10
900;6480000;3.420552;10
900;6480000;3.399264;10
900;6480000;3.440962;10
900;6480000;3.429467;10
900;6480000;3.441185;10
900;6480000;3.413829;10
900;6480000;3.404916;10
900;6480000;3.387103;10
900;6480000;3.456288;10
900;6480000;3.446362;10
900;6480000;3.394681;10
900;6480000;3.590637;10
900;6480000;3.432356;10
900;6480000;3.451823;10
900;6480000;3.4527;10
900;6480000;3.383774;10
900;6480000;3.439686;10
900;6480000;3.428859;10
900;6480000;3.372595;10
900;6480000;3.384173;10
900;6480000;3.372944;10
900;6480000;3.34241;10
900;6480000;3.395816;10
900;6480000;3.448257;10
900;6480000;3.418797;10
900;6480000;3.411058;10
900;6480000;3.440518;10
900;6480000;3.425143;10
900;6480000;3.467516;10
900;6480000;3.420337;10
900;6480000;3.453593;10
900;6480000;3.484459;10
900;6480000;3.449738;10
900;6480000;3.42258;10
900;6480000;3.500421;10
900;6480000;3.401147;10
900;6480000;3.468158;10
900;6480000;3.376115;10
900;6480000;3.397087;10
900;6480000;3.429867;10
900;6480000;3.386367;10
900;6480000;3.419739;10
900;6480000;3.387028;10
900;6480000;3.406443;10
900;6480000;3.430692;10
900;6480000;3.377207;10
900;6480000;3.478953;10
900;6480000;3.450839;10
900;6480000;3.413361;10
900;6480000;3.477579;10
900;6480000;3.444712;10
900;6480000;3.466294;10
900;6480000;3.40628;10
900;6480000;3.387747;10
900;6480000;3.396546;10
900;6480000;3.490218;10
900;6480000;3.467916;10
900;6480000;3.406635;10
900;6480000;3.467605;10
900;6480000;3.414689;10
900;6480000;3.445925;10
900;6480000;3.429791;10
900;6480000;3.50573;10
900;6480000;3.443984;10
900;6480000;3.36652;10
900;6480000;3.449791;10
900;6480000;3.389146;10
900;6480000;3.453201;10
900;6480000;3.40738;10
900;6480000;3.397561;10
900;6480000;3.415191;10
900;6480000;3.437419;10
900;6480000;3.421165;10
900;6480000;3.466997;10
900;6480000;3.371946;10
900;6480000;3.417304;10
900;6480000;3.404901;10
900;6480000;3.924838;16
900;6480000;3.865727;16
900;6480000;3.834267;16
900;6480000;3.843143;16
900;6480000;3.70321;16
900;6480000;3.777019;16
900;6480000;3.783064;16
900;6480000;3.983549;16
900;6480000;4.086835;16
900;6480000;3.878061;16
900;6480000;4.080092;16
900;6480000;4.084697;16
900;6480000;3.955507;16
900;6480000;3.870853;16
900;6480000;3.912721;16
900;6480000;3.970476;16
900;6480000;3.897979;16
900;6480000;3.791571;16
900;6480000;3.83101;16
900;6480000;3.799565;16
900;6480000;3.887479;16
900;6480000;4.038716;16
900;6480000;3.950917;16
900;6480000;4.005551;16
900;6480000;3.956574;16
900;6480000;3.900948;16
900;6480000;3.960031;16
900;6480000;3.88299;16
900;6480000;3.942407;16
900;6480000;3.762584;16
900;6480000;3.748241;16
900;6480000;3.820472;16
900;6480000;3.834713;16
900;6480000;3.901112;16
900;6480000;3.760989;16
900;6480000;3.83819;16
900;6480000;3.836361;16
900;6480000;3.854597;16
900;6480000;3.741151;16
900;6480000;3.832823;16
900;6480000;3.825032;16
900;6480000;3.785905;16
900;6480000;3.878842;16
900;6480000;3.692552;16
900;6480000;3.824827;16
900;6480000;3.817202;16
900;6480000;3.811915;16
900;6480000;3.760391;16
900;6480000;3.801851;16
900;6480000;3.904531;16
900;6480000;3.78519;16
900;6480000;3.809014;16
900;6480000;3.799379;16
900;6480000;3.795539;16
900;6480000;3.909558;16
900;6480000;3.803451;16
900;6480000;3.821623;16
900;6480000;3.941062;16
900;6480000;3.835049;16
900;6480000;3.794701;16
900;6480000;3.758793;16
900;6480000;3.815463;16
900;6480000;3.818109;16
900;6480000;4.049318;16
900;6480000;3.841322;16
900;6480000;3.798955;16
900;6480000;3.820479;16
900;6480000;3.870201;16
900;6480000;3.73042;16
900;6480000;3.876296;16
900;6480000;3.937558;16
900;6480000;3.892134;16
900;6480000;3.911584;16
900;6480000;4.009334;16
900;6480000;3.807104;16
900;6480000;3.809798;16
900;6480000;3.837375;16
900;6480000;3.928187;16
900;6480000;3.770842;16
900;6480000;3.780008;16
900;6480000;3.758673;16
900;6480000;3.964922;16
900;6480000;3.848975;16
900;6480000;3.80732;16
900;6480000;3.814929;16
900;6480000;3.872781;16
900;6480000;3.78686;16
900;6480000;3.810857;16
900;6480000;3.809352;16
900;6480000;3.895914;16
900;6480000;3.832077;16
900;6480000;3.904083;16
900;6480000;3.858332;16
900;6480000;3.83099;16
900;6480000;3.737334;16
900;6480000;3.745943;16
900;6480000;3.819579;16
900;6480000;3.720541;16
900;6480000;3.821184;16
900;6480000;3.846094;16
1200;11520000;13.32252;1
1200;11520000;13.793309;1
1200;11520000;13.728385;1
1200;11520000;13.4142;1
1200;11520000;13.231795;1
1200;11520000;13.133577;1
1200;11520000;13.48363;1
1200;11520000;13.126346;1
1200;11520000;13.077664;1
1200;11520000;13.076953;1
1200;11520000;13.328657;1
1200;11520000;13.392763;1
1200;11520000;13.010936;1
1200;11520000;13.060271;1
1200;11520000;13.069288;1
1200;11520000;13.095945;1
1200;11520000;13.103147;1
1200;11520000;13.023962;1
1200;11520000;13.181927;1
1200;11520000;13.046511;1
1200;11520000;13.105486;1
1200;11520000;13.259622;1
1200;11520000;13.073264;1
1200;11520000;13.027332;1
1200;11520000;13.113439;1
1200;11520000;13.039938;1
1200;11520000;13.130481;1
1200;11520000;13.037668;1
1200;11520000;13.200792;1
1200;11520000;13.715191;1
1200;11520000;13.061314;1
1200;11520000;13.128116;1
1200;11520000;13.225872;1
1200;11520000;13.145841;1
1200;11520000;13.046637;1
1200;11520000;13.054075;1
1200;11520000;13.165375;1
1200;11520000;13.143788;1
1200;11520000;13.156523;1
1200;11520000;13.015146;1
1200;11520000;13.258198;1
1200;11520000;13.011664;1
1200;11520000;13.152302;1
1200;11520000;13.068669;1
1200;11520000;13.072848;1
1200;11520000;13.25121;1
1200;11520000;13.159428;1
1200;11520000;13.183693;1
1200;11520000;13.024085;1
1200;11520000;13.076828;1
1200;11520000;13.023367;1
1200;11520000;13.545079;1
1200;11520000;13.113081;1
1200;11520000;13.033461;1
1200;11520000;13.049792;1
1200;11520000;13.09187;1
1200;11520000;13.193436;1
1200;11520000;13.058073;1
1200;11520000;13.068467;1
1200;11520000;13.081179;1
1200;11520000;13.088367;1
1200;11520000;13.173402;1
1200;11520000;13.026986;1
1200;11520000;13.099666;1
1200;11520000;13.065353;1
1200;11520000;13.193621;1
1200;11520000;13.080695;1
1200;11520000;13.113992;1
1200;11520000;13.128781;1
1200;11520000;13.104085;1
1200;11520000;13.224817;1
1200;11520000;13.09278;1
1200;11520000;13.114416;1
1200;11520000;13.248825;1
1200;11520000;13.200274;1
1200;11520000;13.099731;1
1200;11520000;13.092639;1
1200;11520000;13.099735;1
1200;11520000;13.298923;1
1200;11520000;13.459461;1
1200;11520000;13.258432;1
1200;11520000;13.713199;1
1200;11520000;13.615112;1
1200;11520000;13.209321;1
1200;11520000;13.28191;1
1200;11520000;13.045675;1
1200;11520000;13.160915;1
1200;11520000;13.872543;1
1200;11520000;13.157003;1
1200;11520000;13.067418;1
1200;11520000;13.060085;1
1200;11520000;13.070968;1
1200;11520000;13.137766;1
1200;11520000;13.074947;1
1200;11520000;13.287467;1
1200;11520000;13.117022;1
1200;11520000;13.269561;1
1200;11520000;13.228241;1
1200;11520000;13.111102;1
1200;11520000;13.035545;1
1200;11520000;8.827127;2
1200;11520000;8.632227;2
1200;11520000;8.639083;2
1200;11520000;8.642778;2
1200;11520000;8.451199;2
1200;11520000;8.586944;2
1200;11520000;8.805703;2
1200;11520000;8.7087;2
1200;11520000;8.576892;2
1200;11520000;8.788603;2
1200;11520000;8.593308;2
1200;11520000;8.67269;2
1200;11520000;8.602198;2
1200;11520000;8.578525;2
1200;11520000;8.603209;2
1200;11520000;8.752258;2
1200;11520000;8.61185;2
1200;11520000;8.568595;2
1200;11520000;8.566872;2
1200;11520000;8.390748;2
1200;11520000;8.370875;2
1200;11520000;8.593848;2
1200;11520000;8.810827;2
1200;11520000;8.70533;2
1200;11520000;8.747296;2
1200;11520000;8.567214;2
1200;11520000;8.733128;2
1200;11520000;8.519555;2
1200;11520000;8.591952;2
1200;11520000;8.506793;2
1200;11520000;8.505034;2
1200;11520000;8.486046;2
1200;11520000;8.767934;2
1200;11520000;8.481888;2
1200;11520000;8.525625;2
1200;11520000;8.707203;2
1200;11520000;8.616906;2
1200;11520000;8.57754;2
1200;11520000;8.426618;2
1200;11520000;8.590465;2
1200;11520000;8.51197;2
1200;11520000;8.651313;2
1200;11520000;8.855359;2
1200;11520000;8.459778;2
1200;11520000;8.609536;2
1200;11520000;8.448368;2
1200;11520000;8.638062;2
1200;11520000;8.654715;2
1200;11520000;8.549555;2
1200;11520000;8.631495;2
1200;11520000;8.540731;2
1200;11520000;8.402005;2
1200;11520000;8.608713;2
1200;11520000;8.503193;2
1200;11520000;8.439249;2
1200;11520000;8.447674;2
1200;11520000;8.66628;2
1200;11520000;8.377835;2
1200;11520000;8.549025;2
1200;11520000;8.680326;2
1200;11520000;8.58028;2
1200;11520000;8.524781;2
1200;11520000;8.353606;2
1200;11520000;8.734422;2
1200;11520000;8.749054;2
1200;11520000;8.751996;2
1200;11520000;8.508662;2
1200;11520000;8.546089;2
1200;11520000;8.753771;2
1200;11520000;8.589929;2
1200;11520000;8.775466;2
1200;11520000;8.638598;2
1200;11520000;8.700892;2
1200;11520000;8.669554;2
1200;11520000;8.349288;2
1200;11520000;8.741802;2
1200;11520000;8.515967;2
1200;11520000;8.617944;2
1200;11520000;10.123895;2
1200;11520000;8.933348;2
1200;11520000;8.261631;2
1200;11520000;8.460089;2
1200;11520000;8.456558;2
1200;11520000;8.547186;2
1200;11520000;8.569403;2
1200;11520000;8.656837;2
1200;11520000;8.52043;2
1200;11520000;8.692874;2
1200;11520000;8.812744;2
1200;11520000;8.57621;2
1200;11520000;8.473251;2
1200;11520000;8.677583;2
1200;11520000;8.744752;2
1200;11520000;8.806171;2
1200;11520000;8.755313;2
1200;11520000;8.601396;2
1200;11520000;8.69329;2
1200;11520000;8.665324;2
1200;11520000;8.393501;2
1200;11520000;8.573178;2
1200;11520000;8.251133;3
1200;11520000;7.925064;3
1200;11520000;7.947134;3
1200;11520000;8.081975;3
1200;11520000;8.054457;3
1200;11520000;8.210597;3
1200;11520000;8.209923;3
1200;11520000;8.128158;3
1200;11520000;8.321674;3
1200;11520000;7.931622;3
1200;11520000;8.0403;3
1200;11520000;8.084096;3
1200;11520000;8.065794;3
1200;11520000;8.156826;3
1200;11520000;7.983212;3
1200;11520000;8.113465;3
1200;11520000;8.018468;3
1200;11520000;8.035165;3
1200;11520000;8.035024;3
1200;11520000;8.123308;3
1200;11520000;8.064702;3
1200;11520000;7.943571;3
1200;11520000;8.123465;3
1200;11520000;8.168947;3
1200;11520000;8.04187;3
1200;11520000;8.093223;3
1200;11520000;8.012556;3
1200;11520000;8.036864;3
1200;11520000;8.038051;3
1200;11520000;8.020723;3
1200;11520000;8.227824;3
1200;11520000;8.07612;3
1200;11520000;8.023537;3
1200;11520000;8.023378;3
1200;11520000;8.168205;3
1200;11520000;8.00781;3
1200;11520000;8.100033;3
1200;11520000;8.211219;3
1200;11520000;8.056113;3
1200;11520000;8.234794;3
1200;11520000;8.071054;3
1200;11520000;7.917703;3
1200;11520000;8.10888;3
1200;11520000;8.152258;3
1200;11520000;8.093318;3
1200;11520000;8.066808;3
1200;11520000;8.34147;3
1200;11520000;8.060502;3
1200;11520000;8.2342;3
1200;11520000;7.956635;3
1200;11520000;7.963456;3
1200;11520000;8.065004;3
1200;11520000;8.332087;3
1200;11520000;7.971645;3
1200;11520000;7.98538;3
1200;11520000;8.111129;3
1200;11520000;8.172455;3
1200;11520000;8.158587;3
1200;11520000;7.994407;3
1200;11520000;8.204514;3
1200;11520000;7.973405;3
1200;11520000;8.053016;3
1200;11520000;8.157833;3
1200;11520000;8.001852;3
1200;11520000;8.099777;3
1200;11520000;7.997878;3
1200;11520000;8.03371;3
1200;11520000;8.141356;3
1200;11520000;8.513485;3
1200;11520000;8.163338;3
1200;11520000;8.188818;3
1200;11520000;8.071081;3
1200;11520000;7.997375;3
1200;11520000;8.105606;3
1200;11520000;8.166385;3
1200;11520000;7.988031;3
1200;11520000;8.0355;3
1200;11520000;8.138301;3
1200;11520000;8.061264;3
1200;11520000;8.174462;3
1200;11520000;8.074851;3
1200;11520000;8.23231;3
1200;11520000;7.967699;3
1200;11520000;7.974447;3
1200;11520000;8.081553;3
1200;11520000;8.660979;3
1200;11520000;8.281527;3
1200;11520000;8.070514;3
1200;11520000;8.215557;3
1200;11520000;7.9721;3
1200;11520000;8.066217;3
1200;11520000;8.035689;3
1200;11520000;7.924485;3
1200;11520000;7.968323;3
1200;11520000;8.180236;3
1200;11520000;8.051156;3
1200;11520000;8.148374;3
1200;11520000;8.094426;3
1200;11520000;8.11521;3
1200;11520000;8.113737;3
1200;11520000;8.9705;4
1200;11520000;8.933068;4
1200;11520000;8.816772;4
1200;11520000;8.83723;4
1200;11520000;8.828276;4
1200;11520000;8.918296;4
1200;11520000;8.959921;4
1200;11520000;8.861361;4
1200;11520000;8.730323;4
1200;11520000;8.895661;4
1200;11520000;8.825682;4
1200;11520000;9.075627;4
1200;11520000;8.947954;4
1200;11520000;8.962761;4
1200;11520000;8.707418;4
1200;11520000;8.915423;4
1200;11520000;9.167508;4
1200;11520000;9.20301;4
1200;11520000;9.333046;4
1200;11520000;9.527723;4
1200;11520000;9.120197;4
1200;11520000;8.926557;4
1200;11520000;9.419208;4
1200;11520000;9.124608;4
1200;11520000;9.12355;4
1200;11520000;9.258675;4
1200;11520000;9.0801;4
1200;11520000;9.170781;4
1200;11520000;9.173743;4
1200;11520000;9.316609;4
1200;11520000;9.276729;4
1200;11520000;9.254636;4
1200;11520000;9.304753;4
1200;11520000;8.997702;4
1200;11520000;8.990351;4
1200;11520000;8.920618;4
1200;11520000;8.856204;4
1200;11520000;8.954753;4
1200;11520000;8.808788;4
1200;11520000;9.078706;4
1200;11520000;9.068637;4
1200;11520000;9.20434;4
1200;11520000;8.807958;4
1200;11520000;8.804233;4
1200;11520000;9.008601;4
1200;11520000;8.940725;4
1200;11520000;8.813966;4
1200;11520000;8.867037;4
1200;11520000;8.897395;4
1200;11520000;8.781017;4
1200;11520000;8.930971;4
1200;11520000;8.859731;4
1200;11520000;8.958301;4
1200;11520000;8.920083;4
1200;11520000;8.822378;4
1200;11520000;8.845728;4
1200;11520000;8.796722;4
1200;11520000;8.826907;4
1200;11520000;8.79636;4
1200;11520000;8.97211;4
1200;11520000;8.822204;4
1200;11520000;9.014769;4
1200;11520000;9.107996;4
1200;11520000;8.892933;4
1200;11520000;8.867121;4
1200;11520000;8.982798;4
1200;11520000;8.866538;4
1200;11520000;8.901779;4
1200;11520000;8.929302;4
1200;11520000;9.009383;4
1200;11520000;8.810653;4
1200;11520000;9.008717;4
1200;11520000;8.95288;4
1200;11520000;8.88679;4
1200;11520000;8.894298;4
1200;11520000;8.815687;4
1200;11520000;8.916433;4
1200;11520000;8.929474;4
1200;11520000;8.892262;4
1200;11520000;8.958624;4
1200;11520000;8.91937;4
1200;11520000;9.087901;4
1200;11520000;8.950662;4
1200;11520000;8.941783;4
1200;11520000;8.940368;4
1200;11520000;9.03575;4
1200;11520000;8.919502;4
1200;11520000;8.833534;4
1200;11520000;8.777656;4
1200;11520000;9.086558;4
1200;11520000;9.254664;4
1200;11520000;9.835676;4
1200;11520000;9.000536;4
1200;11520000;8.887803;4
1200;11520000;8.872367;4
1200;11520000;8.933902;4
1200;11520000;8.903714;4
1200;11520000;9.039933;4
1200;11520000;9.174571;4
1200;11520000;8.894136;4
1200;11520000;9.004385;6
1200;11520000;8.844368;6
1200;11520000;8.772655;6
1200;11520000;8.779599;6
1200;11520000;8.739636;6
1200;11520000;8.925761;6
1200;11520000;8.852478;6
1200;11520000;8.801339;6
1200;11520000;8.785565;6
1200;11520000;8.837811;6
1200;11520000;8.83782;6
1200;11520000;8.84099;6
1200;11520000;8.963211;6
1200;11520000;8.837902;6
1200;11520000;8.965361;6
1200;11520000;8.811775;6
1200;11520000;8.819023;6
1200;11520000;8.84278;6
1200;11520000;8.890155;6
1200;11520000;8.810985;6
1200;11520000;8.840684;6
1200;11520000;8.930356;6
1200;11520000;8.894208;6
1200;11520000;8.812399;6
1200;11520000;8.918702;6
1200;11520000;8.943211;6
1200;11520000;9.026407;6
1200;11520000;9.257345;6
1200;11520000;8.802573;6
1200;11520000;8.90551;6
1200;11520000;8.893476;6
1200;11520000;8.851528;6
1200;11520000;8.934614;6
1200;11520000;9.078196;6
1200;11520000;8.815544;6
1200;11520000;8.810085;6
1200;11520000;8.891161;6
1200;11520000;8.805968;6
1200;11520000;8.903017;6
1200;11520000;8.863033;6
1200;11520000;8.867554;6
1200;11520000;8.825648;6
1200;11520000;8.737097;6
1200;11520000;8.78642;6
1200;11520000;8.832237;6
1200;11520000;8.90034;6
1200;11520000;8.833586;6
1200;11520000;8.87774;6
1200;11520000;8.872457;6
1200;11520000;8.862693;6
1200;11520000;8.903896;6
1200;11520000;8.854502;6
1200;11520000;8.938094;6
1200;11520000;8.841883;6
1200;11520000;8.862942;6
1200;11520000;8.909796;6
1200;11520000;8.873421;6
1200;11520000;8.957388;6
1200;11520000;9.052841;6
1200;11520000;9.159474;6
1200;11520000;8.945327;6
1200;11520000;8.871875;6
1200;11520000;8.871058;6
1200;11520000;8.823181;6
1200;11520000;8.949404;6
1200;11520000;9.029798;6
1200;11520000;8.871497;6
1200;11520000;8.807133;6
1200;11520000;8.749737;6
1200;11520000;8.859208;6
1200;11520000;8.787634;6
1200;11520000;8.84558;6
1200;11520000;8.969107;6
1200;11520000;8.731985;6
1200;11520000;8.691527;6
1200;11520000;8.77244;6
1200;11520000;8.803513;6
1200;11520000;8.882198;6
1200;11520000;8.850236;6
1200;11520000;8.761839;6
1200;11520000;8.745878;6
1200;11520000;8.748374;6
1200;11520000;8.821901;6
1200;11520000;8.791987;6
1200;11520000;8.752521;6
1200;11520000;8.88438;6
1200;11520000;9.211794;6
1200;11520000;8.799452;6
1200;11520000;8.729015;6
1200;11520000;8.813467;6
1200;11520000;8.697909;6
1200;11520000;8.730705;6
1200;11520000;8.877983;6
1200;11520000;8.746515;6
1200;11520000;8.724774;6
1200;11520000;8.6824;6
1200;11520000;8.706716;6
1200;11520000;8.797654;6
1200;11520000;8.809162;6
1200;11520000;8.926194;6
1200;11520000;9.103419;10
1200;11520000;9.047747;10
1200;11520000;8.9751;10
1200;11520000;8.982727;10
1200;11520000;8.966574;10
1200;11520000;8.950341;10
1200;11520000;9.001152;10
1200;11520000;8.965576;10
1200;11520000;9.089407;10
1200;11520000;9.014932;10
1200;11520000;9.04333;10
1200;11520000;9.009831;10
1200;11520000;9.014547;10
1200;11520000;9.023147;10
1200;11520000;9.099602;10
1200;11520000;9.026152;10
1200;11520000;9.015847;10
1200;11520000;9.001714;10
1200;11520000;8.977313;10
1200;11520000;8.963675;10
1200;11520000;9.104109;10
1200;11520000;9.12448;10
1200;11520000;8.977706;10
1200;11520000;9.000873;10
1200;11520000;8.997062;10
1200;11520000;8.953747;10
1200;11520000;8.994843;10
1200;11520000;9.064345;10
1200;11520000;8.991225;10
1200;11520000;9.030142;10
1200;11520000;8.914617;10
1200;11520000;8.958318;10
1200;11520000;9.012141;10
1200;11520000;8.997235;10
1200;11520000;9.082761;10
1200;11520000;8.955778;10
1200;11520000;9.033147;10
1200;11520000;9.044915;10
1200;11520000;9.053306;10
1200;11520000;9.014137;10
1200;11520000;9.131557;10
1200;11520000;9.021895;10
1200;11520000;9.039768;10
1200;11520000;9.035628;10
1200;11520000;9.011054;10
1200;11520000;8.996967;10
1200;11520000;9.029832;10
1200;11520000;9.124162;10
1200;11520000;8.977754;10
1200;11520000;9.035778;10
1200;11520000;9.043609;10
1200;11520000;9.035434;10
1200;11520000;8.988625;10
1200;11520000;9.097235;10
1200;11520000;8.974598;10
1200;11520000;9.057608;10
1200;11520000;9.066046;10
1200;11520000;8.973609;10
1200;11520000;9.038253;10
1200;11520000;9.034898;10
1200;11520000;9.099435;10
1200;11520000;8.986479;10
1200;11520000;9.013336;10
1200;11520000;9.036498;10
1200;11520000;8.994598;10
1200;11520000;9.034424;10
1200;11520000;8.995229;10
1200;11520000;9.073684;10
1200;11520000;8.997915;10
1200;11520000;8.988578;10
1200;11520000;9.040232;10
1200;11520000;9.008087;10
1200;11520000;9.022093;10
1200;11520000;9.133394;10
1200;11520000;9.071947;10
1200;11520000;9.020988;10
1200;11520000;9.030022;10
1200;11520000;9.064677;10
1200;11520000;9.102779;10
1200;11520000;9.052035;10
1200;11520000;9.151329;10
1200;11520000;9.174762;10
1200;11520000;9.02697;10
1200;11520000;9.100304;10
1200;11520000;9.067245;10
1200;11520000;9.12287;10
1200;11520000;9.185982;10
1200;11520000;9.039211;10
1200;11520000;9.041427;10
1200;11520000;9.040582;10
1200;11520000;9.010474;10
1200;11520000;9.053283;10
1200;11520000;9.141445;10
1200;11520000;9.034326;10
1200;11520000;9.03076;10
1200;11520000;9.036108;10
1200;11520000;8.995708;10
1200;11520000;9.043557;10
1200;11520000;9.056298;10
1200;11520000;9.11375;10
1200;11520000;9.319769;16
1200;11520000;9.409024;16
1200;11520000;9.310443;16
1200;11520000;9.290036;16
1200;11520000;9.354779;16
1200;11520000;9.373875;16
1200;11520000;9.304364;16
1200;11520000;9.419716;16
1200;11520000;9.33866;16
1200;11520000;9.322159;16
1200;11520000;9.311605;16
1200;11520000;9.254411;16
1200;11520000;9.308028;16
1200;11520000;9.389076;16
1200;11520000;9.256311;16
1200;11520000;9.268884;16
1200;11520000;9.26293;16
1200;11520000;9.323839;16
1200;11520000;9.292925;16
1200;11520000;9.311735;16
1200;11520000;9.378674;16
1200;11520000;9.309679;16
1200;11520000;9.312724;16
1200;11520000;9.349726;16
1200;11520000;9.342301;16
1200;11520000;9.318036;16
1200;11520000;9.421923;16
1200;11520000;9.336237;16
1200;11520000;9.315708;16
1200;11520000;9.321033;16
1200;11520000;9.407047;16
1200;11520000;9.360649;16
1200;11520000;9.463746;16
1200;11520000;9.344083;16
1200;11520000;9.31635;16
1200;11520000;9.303687;16
1200;11520000;9.240507;16
1200;11520000;9.238983;16
1200;11520000;9.341162;16
1200;11520000;9.278067;16
1200;11520000;9.300595;16
1200;11520000;9.281494;16
1200;11520000;9.295485;16
1200;11520000;9.249109;16
1200;11520000;9.298121;16
1200;11520000;9.454619;16
1200;11520000;9.342277;16
1200;11520000;9.372303;16
1200;11520000;9.367708;16
1200;11520000;9.363338;16
1200;11520000;9.362288;16
1200;11520000;9.422217;16
1200;11520000;9.283604;16
1200;11520000;9.302742;16
1200;11520000;9.347226;16
1200;11520000;9.30357;16
1200;11520000;9.337128;16
1200;11520000;9.321881;16
1200;11520000;9.308496;16
1200;11520000;9.316672;16
1200;11520000;9.395046;16
1200;11520000;9.329646;16
1200;11520000;9.318091;16
1200;11520000;9.460951;16
1200;11520000;9.378174;16
1200;11520000;9.349604;16
1200;11520000;9.39583;16
1200;11520000;9.358593;16
1200;11520000;9.312043;16
1200;11520000;9.372811;16
1200;11520000;9.364329;16
1200;11520000;9.299981;16
1200;11520000;9.390025;16
1200;11520000;9.33251;16
1200;11520000;9.243889;16
1200;11520000;9.284775;16
1200;11520000;9.373033;16
1200;11520000;9.349666;16
1200;11520000;9.383827;16
1200;11520000;9.353355;16
1200;11520000;9.384297;16
1200;11520000;9.421635;16
1200;11520000;9.530318;16
1200;11520000;9.323314;16
1200;11520000;9.292937;16
1200;11520000;9.349637;16
1200;11520000;9.313102;16
1200;11520000;9.308788;16
1200;11520000;9.384421;16
1200;11520000;9.321197;16
1200;11520000;9.344811;16
1200;11520000;9.298561;16
1200;11520000;9.314139;16
1200;11520000;9.346238;16
1200;11520000;9.418321;16
1200;11520000;9.372177;16
1200;11520000;9.353731;16
1200;11520000;9.257332;16
1200;11520000;9.323585;16
1200;11520000;9.339912;16
